reviewer_name,reviewer_header_comment,reviewer_detail_comment,review_date,product_star,product_name,price,features,specification
Teddy Daniel,so far so Good,"For the price, the phone is performing excellently.speed, battery life and also elegantly awesome",19-02-2025,5 out of 5,XIAOMI Redmi 14C 6.88'' 8GB RAM/256GB ROM Android 12-Sage Green,178715,"Processor: MediaTek Helio G81-Ultra processorStorage & RAM: 8GB + 256GBDisplay: 6.88"" Dot Drop DisplayRear Camera: 50MP main cameraFront Camera: 13MP front cameraBattery & Charging: 5160mAh (typ)Supports 18W fast chargingConnectivity: Dual SIM + microSD",SKU: XI363MP5J6Q3DNAFAMZProduct Line: Best service Raya distribution NIG LTD - ACModel: REDMI 14CWeight (kg): 0.2Color: GreenShop Type: Jumia Mall
Bunmi,as at present not up to a month.its not bad.,I love the battery,18-02-2025,5 out of 5,XIAOMI Redmi 14C 6.88'' 8GB RAM/256GB ROM Android 12-Sage Green,178715,"Processor: MediaTek Helio G81-Ultra processorStorage & RAM: 8GB + 256GBDisplay: 6.88"" Dot Drop DisplayRear Camera: 50MP main cameraFront Camera: 13MP front cameraBattery & Charging: 5160mAh (typ)Supports 18W fast chargingConnectivity: Dual SIM + microSD",SKU: XI363MP5J6Q3DNAFAMZProduct Line: Best service Raya distribution NIG LTD - ACModel: REDMI 14CWeight (kg): 0.2Color: GreenShop Type: Jumia Mall
Markus,very Good,Very affordable and fast,17-02-2025,5 out of 5,XIAOMI Redmi 14C 6.88'' 8GB RAM/256GB ROM Android 12-Sage Green,178715,"Processor: MediaTek Helio G81-Ultra processorStorage & RAM: 8GB + 256GBDisplay: 6.88"" Dot Drop DisplayRear Camera: 50MP main cameraFront Camera: 13MP front cameraBattery & Charging: 5160mAh (typ)Supports 18W fast chargingConnectivity: Dual SIM + microSD",SKU: XI363MP5J6Q3DNAFAMZProduct Line: Best service Raya distribution NIG LTD - ACModel: REDMI 14CWeight (kg): 0.2Color: GreenShop Type: Jumia Mall
Toluwase,very good,Working so well,14-02-2025,5 out of 5,XIAOMI Redmi 14C 6.88'' 8GB RAM/256GB ROM Android 12-Sage Green,178715,"Processor: MediaTek Helio G81-Ultra processorStorage & RAM: 8GB + 256GBDisplay: 6.88"" Dot Drop DisplayRear Camera: 50MP main cameraFront Camera: 13MP front cameraBattery & Charging: 5160mAh (typ)Supports 18W fast chargingConnectivity: Dual SIM + microSD",SKU: XI363MP5J6Q3DNAFAMZProduct Line: Best service Raya distribution NIG LTD - ACModel: REDMI 14CWeight (kg): 0.2Color: GreenShop Type: Jumia Mall
Gloria,I love it,I got what I ordered,13-02-2025,5 out of 5,XIAOMI Redmi 14C 6.88'' 8GB RAM/256GB ROM Android 12-Sage Green,178715,"Processor: MediaTek Helio G81-Ultra processorStorage & RAM: 8GB + 256GBDisplay: 6.88"" Dot Drop DisplayRear Camera: 50MP main cameraFront Camera: 13MP front cameraBattery & Charging: 5160mAh (typ)Supports 18W fast chargingConnectivity: Dual SIM + microSD",SKU: XI363MP5J6Q3DNAFAMZProduct Line: Best service Raya distribution NIG LTD - ACModel: REDMI 14CWeight (kg): 0.2Color: GreenShop Type: Jumia Mall
Kelvin Kelvin,ENJOYING IT SO FAR,NICE NICE,13-02-2025,5 out of 5,XIAOMI Redmi 14C 6.88'' 8GB RAM/256GB ROM Android 12-Sage Green,178715,"Processor: MediaTek Helio G81-Ultra processorStorage & RAM: 8GB + 256GBDisplay: 6.88"" Dot Drop DisplayRear Camera: 50MP main cameraFront Camera: 13MP front cameraBattery & Charging: 5160mAh (typ)Supports 18W fast chargingConnectivity: Dual SIM + microSD",SKU: XI363MP5J6Q3DNAFAMZProduct Line: Best service Raya distribution NIG LTD - ACModel: REDMI 14CWeight (kg): 0.2Color: GreenShop Type: Jumia Mall
Matthew Aisaboluokpia,Perfect,Easy to use and working well and have long lasting battery,12-02-2025,5 out of 5,XIAOMI Redmi 14C 6.88'' 8GB RAM/256GB ROM Android 12-Sage Green,178715,"Processor: MediaTek Helio G81-Ultra processorStorage & RAM: 8GB + 256GBDisplay: 6.88"" Dot Drop DisplayRear Camera: 50MP main cameraFront Camera: 13MP front cameraBattery & Charging: 5160mAh (typ)Supports 18W fast chargingConnectivity: Dual SIM + microSD",SKU: XI363MP5J6Q3DNAFAMZProduct Line: Best service Raya distribution NIG LTD - ACModel: REDMI 14CWeight (kg): 0.2Color: GreenShop Type: Jumia Mall
Vincent,love it,"Awesome phone and work's perfectly well. 
But what's with the 2 prongs charger head ? think Redmi can do better... Aside that phone works perfectly well.",10-02-2025,4 out of 5,XIAOMI Redmi 14C 6.88'' 8GB RAM/256GB ROM Android 12-Sage Green,178715,"Processor: MediaTek Helio G81-Ultra processorStorage & RAM: 8GB + 256GBDisplay: 6.88"" Dot Drop DisplayRear Camera: 50MP main cameraFront Camera: 13MP front cameraBattery & Charging: 5160mAh (typ)Supports 18W fast chargingConnectivity: Dual SIM + microSD",SKU: XI363MP5J6Q3DNAFAMZProduct Line: Best service Raya distribution NIG LTD - ACModel: REDMI 14CWeight (kg): 0.2Color: GreenShop Type: Jumia Mall
Damilare John,so good,I really love ???? it,10-02-2025,5 out of 5,XIAOMI Redmi 14C 6.88'' 8GB RAM/256GB ROM Android 12-Sage Green,178715,"Processor: MediaTek Helio G81-Ultra processorStorage & RAM: 8GB + 256GBDisplay: 6.88"" Dot Drop DisplayRear Camera: 50MP main cameraFront Camera: 13MP front cameraBattery & Charging: 5160mAh (typ)Supports 18W fast chargingConnectivity: Dual SIM + microSD",SKU: XI363MP5J6Q3DNAFAMZProduct Line: Best service Raya distribution NIG LTD - ACModel: REDMI 14CWeight (kg): 0.2Color: GreenShop Type: Jumia Mall
Ruth,Perfect and sleek,"The phone is exactly as seen. No issues, everything works perfectly. 
A good buy",07-02-2025,5 out of 5,XIAOMI Redmi 14C 6.88'' 8GB RAM/256GB ROM Android 12-Sage Green,178715,"Processor: MediaTek Helio G81-Ultra processorStorage & RAM: 8GB + 256GBDisplay: 6.88"" Dot Drop DisplayRear Camera: 50MP main cameraFront Camera: 13MP front cameraBattery & Charging: 5160mAh (typ)Supports 18W fast chargingConnectivity: Dual SIM + microSD",SKU: XI363MP5J6Q3DNAFAMZProduct Line: Best service Raya distribution NIG LTD - ACModel: REDMI 14CWeight (kg): 0.2Color: GreenShop Type: Jumia Mall
BEN,Great phone for moderate budget,Phone is great the battery is quite a companion all day round.,05-02-2025,4 out of 5,XIAOMI Redmi 14C 6.88'' 8GB RAM/256GB ROM Android 12-Sage Green,178715,"Processor: MediaTek Helio G81-Ultra processorStorage & RAM: 8GB + 256GBDisplay: 6.88"" Dot Drop DisplayRear Camera: 50MP main cameraFront Camera: 13MP front cameraBattery & Charging: 5160mAh (typ)Supports 18W fast chargingConnectivity: Dual SIM + microSD",SKU: XI363MP5J6Q3DNAFAMZProduct Line: Best service Raya distribution NIG LTD - ACModel: REDMI 14CWeight (kg): 0.2Color: GreenShop Type: Jumia Mall
Oluboyo,Good,"I got what I ordered for...
Strong battery.
I  recommend this for everyone",03-02-2025,5 out of 5,XIAOMI Redmi 14C 6.88'' 8GB RAM/256GB ROM Android 12-Sage Green,178715,"Processor: MediaTek Helio G81-Ultra processorStorage & RAM: 8GB + 256GBDisplay: 6.88"" Dot Drop DisplayRear Camera: 50MP main cameraFront Camera: 13MP front cameraBattery & Charging: 5160mAh (typ)Supports 18W fast chargingConnectivity: Dual SIM + microSD",SKU: XI363MP5J6Q3DNAFAMZProduct Line: Best service Raya distribution NIG LTD - ACModel: REDMI 14CWeight (kg): 0.2Color: GreenShop Type: Jumia Mall
Darlington,perfect,As shown,03-02-2025,5 out of 5,XIAOMI Redmi 14C 6.88'' 8GB RAM/256GB ROM Android 12-Sage Green,178715,"Processor: MediaTek Helio G81-Ultra processorStorage & RAM: 8GB + 256GBDisplay: 6.88"" Dot Drop DisplayRear Camera: 50MP main cameraFront Camera: 13MP front cameraBattery & Charging: 5160mAh (typ)Supports 18W fast chargingConnectivity: Dual SIM + microSD",SKU: XI363MP5J6Q3DNAFAMZProduct Line: Best service Raya distribution NIG LTD - ACModel: REDMI 14CWeight (kg): 0.2Color: GreenShop Type: Jumia Mall
PRINCE,Nice phone,Just got it,03-02-2025,5 out of 5,XIAOMI Redmi 14C 6.88'' 8GB RAM/256GB ROM Android 12-Sage Green,178715,"Processor: MediaTek Helio G81-Ultra processorStorage & RAM: 8GB + 256GBDisplay: 6.88"" Dot Drop DisplayRear Camera: 50MP main cameraFront Camera: 13MP front cameraBattery & Charging: 5160mAh (typ)Supports 18W fast chargingConnectivity: Dual SIM + microSD",SKU: XI363MP5J6Q3DNAFAMZProduct Line: Best service Raya distribution NIG LTD - ACModel: REDMI 14CWeight (kg): 0.2Color: GreenShop Type: Jumia Mall
AGODI,Amazing,The battery is so strong,03-02-2025,5 out of 5,XIAOMI Redmi 14C 6.88'' 8GB RAM/256GB ROM Android 12-Sage Green,178715,"Processor: MediaTek Helio G81-Ultra processorStorage & RAM: 8GB + 256GBDisplay: 6.88"" Dot Drop DisplayRear Camera: 50MP main cameraFront Camera: 13MP front cameraBattery & Charging: 5160mAh (typ)Supports 18W fast chargingConnectivity: Dual SIM + microSD",SKU: XI363MP5J6Q3DNAFAMZProduct Line: Best service Raya distribution NIG LTD - ACModel: REDMI 14CWeight (kg): 0.2Color: GreenShop Type: Jumia Mall
DarkWeb,Got what i ordered,"Battery not as hyped especially on network usage, i noticed cause am always on Wi-Fi but it's great overall
camera also fair, not great just fair.",03-02-2025,4 out of 5,XIAOMI Redmi 14C 6.88'' 8GB RAM/256GB ROM Android 12-Sage Green,178715,"Processor: MediaTek Helio G81-Ultra processorStorage & RAM: 8GB + 256GBDisplay: 6.88"" Dot Drop DisplayRear Camera: 50MP main cameraFront Camera: 13MP front cameraBattery & Charging: 5160mAh (typ)Supports 18W fast chargingConnectivity: Dual SIM + microSD",SKU: XI363MP5J6Q3DNAFAMZProduct Line: Best service Raya distribution NIG LTD - ACModel: REDMI 14CWeight (kg): 0.2Color: GreenShop Type: Jumia Mall
WF,Redmi 14C,Have been using the phone for more than 24 Hours. So far so good. Everything is working perfectly. Everything about the phone is good ????????,30-01-2025,5 out of 5,XIAOMI Redmi 14C 6.88'' 8GB RAM/256GB ROM Android 12-Sage Green,178715,"Processor: MediaTek Helio G81-Ultra processorStorage & RAM: 8GB + 256GBDisplay: 6.88"" Dot Drop DisplayRear Camera: 50MP main cameraFront Camera: 13MP front cameraBattery & Charging: 5160mAh (typ)Supports 18W fast chargingConnectivity: Dual SIM + microSD",SKU: XI363MP5J6Q3DNAFAMZProduct Line: Best service Raya distribution NIG LTD - ACModel: REDMI 14CWeight (kg): 0.2Color: GreenShop Type: Jumia Mall
Ojedeji,the phone is up to my taste,Working perfectly,27-01-2025,5 out of 5,XIAOMI Redmi 14C 6.88'' 8GB RAM/256GB ROM Android 12-Sage Green,178715,"Processor: MediaTek Helio G81-Ultra processorStorage & RAM: 8GB + 256GBDisplay: 6.88"" Dot Drop DisplayRear Camera: 50MP main cameraFront Camera: 13MP front cameraBattery & Charging: 5160mAh (typ)Supports 18W fast chargingConnectivity: Dual SIM + microSD",SKU: XI363MP5J6Q3DNAFAMZProduct Line: Best service Raya distribution NIG LTD - ACModel: REDMI 14CWeight (kg): 0.2Color: GreenShop Type: Jumia Mall
Olansile Agarawu,Nice,Dope,27-01-2025,4 out of 5,XIAOMI Redmi 14C 6.88'' 8GB RAM/256GB ROM Android 12-Sage Green,178715,"Processor: MediaTek Helio G81-Ultra processorStorage & RAM: 8GB + 256GBDisplay: 6.88"" Dot Drop DisplayRear Camera: 50MP main cameraFront Camera: 13MP front cameraBattery & Charging: 5160mAh (typ)Supports 18W fast chargingConnectivity: Dual SIM + microSD",SKU: XI363MP5J6Q3DNAFAMZProduct Line: Best service Raya distribution NIG LTD - ACModel: REDMI 14CWeight (kg): 0.2Color: GreenShop Type: Jumia Mall
Okwuaka,it is very good,It works perfectly,27-01-2025,5 out of 5,XIAOMI Redmi 14C 6.88'' 8GB RAM/256GB ROM Android 12-Sage Green,178715,"Processor: MediaTek Helio G81-Ultra processorStorage & RAM: 8GB + 256GBDisplay: 6.88"" Dot Drop DisplayRear Camera: 50MP main cameraFront Camera: 13MP front cameraBattery & Charging: 5160mAh (typ)Supports 18W fast chargingConnectivity: Dual SIM + microSD",SKU: XI363MP5J6Q3DNAFAMZProduct Line: Best service Raya distribution NIG LTD - ACModel: REDMI 14CWeight (kg): 0.2Color: GreenShop Type: Jumia Mall
Agoke 08025179092,Fantastic,The phone is classic and elegant,27-01-2025,5 out of 5,XIAOMI Redmi 14C 6.88'' 8GB RAM/256GB ROM Android 12-Sage Green,178715,"Processor: MediaTek Helio G81-Ultra processorStorage & RAM: 8GB + 256GBDisplay: 6.88"" Dot Drop DisplayRear Camera: 50MP main cameraFront Camera: 13MP front cameraBattery & Charging: 5160mAh (typ)Supports 18W fast chargingConnectivity: Dual SIM + microSD",SKU: XI363MP5J6Q3DNAFAMZProduct Line: Best service Raya distribution NIG LTD - ACModel: REDMI 14CWeight (kg): 0.2Color: GreenShop Type: Jumia Mall
Jeremiah,nice one,Good and sliky design just as specified,24-01-2025,4 out of 5,XIAOMI Redmi 14C 6.88'' 8GB RAM/256GB ROM Android 12-Sage Green,178715,"Processor: MediaTek Helio G81-Ultra processorStorage & RAM: 8GB + 256GBDisplay: 6.88"" Dot Drop DisplayRear Camera: 50MP main cameraFront Camera: 13MP front cameraBattery & Charging: 5160mAh (typ)Supports 18W fast chargingConnectivity: Dual SIM + microSD",SKU: XI363MP5J6Q3DNAFAMZProduct Line: Best service Raya distribution NIG LTD - ACModel: REDMI 14CWeight (kg): 0.2Color: GreenShop Type: Jumia Mall
Emmanuel Orumah,I like it,"It is a nice and quality phone,  but they need to improve it easily heat up,  also the gesture system navigation use to hang once in a while",23-01-2025,4 out of 5,XIAOMI Redmi 14C 6.88'' 8GB RAM/256GB ROM Android 12-Sage Green,178715,"Processor: MediaTek Helio G81-Ultra processorStorage & RAM: 8GB + 256GBDisplay: 6.88"" Dot Drop DisplayRear Camera: 50MP main cameraFront Camera: 13MP front cameraBattery & Charging: 5160mAh (typ)Supports 18W fast chargingConnectivity: Dual SIM + microSD",SKU: XI363MP5J6Q3DNAFAMZProduct Line: Best service Raya distribution NIG LTD - ACModel: REDMI 14CWeight (kg): 0.2Color: GreenShop Type: Jumia Mall
Ikechukwu,I love it,"The camera, battery, and everything about the phone is awesome",23-01-2025,5 out of 5,XIAOMI Redmi 14C 6.88'' 8GB RAM/256GB ROM Android 12-Sage Green,178715,"Processor: MediaTek Helio G81-Ultra processorStorage & RAM: 8GB + 256GBDisplay: 6.88"" Dot Drop DisplayRear Camera: 50MP main cameraFront Camera: 13MP front cameraBattery & Charging: 5160mAh (typ)Supports 18W fast chargingConnectivity: Dual SIM + microSD",SKU: XI363MP5J6Q3DNAFAMZProduct Line: Best service Raya distribution NIG LTD - ACModel: REDMI 14CWeight (kg): 0.2Color: GreenShop Type: Jumia Mall
adesoji,I like it,It was nice and quality,22-01-2025,5 out of 5,XIAOMI Redmi 14C 6.88'' 8GB RAM/256GB ROM Android 12-Sage Green,178715,"Processor: MediaTek Helio G81-Ultra processorStorage & RAM: 8GB + 256GBDisplay: 6.88"" Dot Drop DisplayRear Camera: 50MP main cameraFront Camera: 13MP front cameraBattery & Charging: 5160mAh (typ)Supports 18W fast chargingConnectivity: Dual SIM + microSD",SKU: XI363MP5J6Q3DNAFAMZProduct Line: Best service Raya distribution NIG LTD - ACModel: REDMI 14CWeight (kg): 0.2Color: GreenShop Type: Jumia Mall
Mary,????????,"The battery is really lasting for days,the camera is top notch , generally the phone is very portable",21-01-2025,5 out of 5,XIAOMI Redmi 14C 6.88'' 8GB RAM/256GB ROM Android 12-Sage Green,178715,"Processor: MediaTek Helio G81-Ultra processorStorage & RAM: 8GB + 256GBDisplay: 6.88"" Dot Drop DisplayRear Camera: 50MP main cameraFront Camera: 13MP front cameraBattery & Charging: 5160mAh (typ)Supports 18W fast chargingConnectivity: Dual SIM + microSD",SKU: XI363MP5J6Q3DNAFAMZProduct Line: Best service Raya distribution NIG LTD - ACModel: REDMI 14CWeight (kg): 0.2Color: GreenShop Type: Jumia Mall
Opeyemi,So cool,I've been loving my phone ever since the first touch and feel????????❤️????,20-01-2025,5 out of 5,XIAOMI Redmi 14C 6.88'' 8GB RAM/256GB ROM Android 12-Sage Green,178715,"Processor: MediaTek Helio G81-Ultra processorStorage & RAM: 8GB + 256GBDisplay: 6.88"" Dot Drop DisplayRear Camera: 50MP main cameraFront Camera: 13MP front cameraBattery & Charging: 5160mAh (typ)Supports 18W fast chargingConnectivity: Dual SIM + microSD",SKU: XI363MP5J6Q3DNAFAMZProduct Line: Best service Raya distribution NIG LTD - ACModel: REDMI 14CWeight (kg): 0.2Color: GreenShop Type: Jumia Mall
Folorunsho,great deal,It works very smarter than expected,20-01-2025,5 out of 5,XIAOMI Redmi 14C 6.88'' 8GB RAM/256GB ROM Android 12-Sage Green,178715,"Processor: MediaTek Helio G81-Ultra processorStorage & RAM: 8GB + 256GBDisplay: 6.88"" Dot Drop DisplayRear Camera: 50MP main cameraFront Camera: 13MP front cameraBattery & Charging: 5160mAh (typ)Supports 18W fast chargingConnectivity: Dual SIM + microSD",SKU: XI363MP5J6Q3DNAFAMZProduct Line: Best service Raya distribution NIG LTD - ACModel: REDMI 14CWeight (kg): 0.2Color: GreenShop Type: Jumia Mall
qosmotech@gmail.com,was great,"It was purchased for someone, and mostly he loves it",17-01-2025,5 out of 5,XIAOMI Redmi 14C 6.88'' 8GB RAM/256GB ROM Android 12-Sage Green,178715,"Processor: MediaTek Helio G81-Ultra processorStorage & RAM: 8GB + 256GBDisplay: 6.88"" Dot Drop DisplayRear Camera: 50MP main cameraFront Camera: 13MP front cameraBattery & Charging: 5160mAh (typ)Supports 18W fast chargingConnectivity: Dual SIM + microSD",SKU: XI363MP5J6Q3DNAFAMZProduct Line: Best service Raya distribution NIG LTD - ACModel: REDMI 14CWeight (kg): 0.2Color: GreenShop Type: Jumia Mall
Emmanuel,Excellent Phone,Excellent condition and functions,16-01-2025,5 out of 5,XIAOMI Redmi 14C 6.88'' 8GB RAM/256GB ROM Android 12-Sage Green,178715,"Processor: MediaTek Helio G81-Ultra processorStorage & RAM: 8GB + 256GBDisplay: 6.88"" Dot Drop DisplayRear Camera: 50MP main cameraFront Camera: 13MP front cameraBattery & Charging: 5160mAh (typ)Supports 18W fast chargingConnectivity: Dual SIM + microSD",SKU: XI363MP5J6Q3DNAFAMZProduct Line: Best service Raya distribution NIG LTD - ACModel: REDMI 14CWeight (kg): 0.2Color: GreenShop Type: Jumia Mall
Edward,xiaomi redmi 14c 6.88,Amazing......it's wat I really expected has front and back camera,15-01-2025,5 out of 5,XIAOMI Redmi 14C 6.88'' 8GB RAM/256GB ROM Android 12-Sage Green,178715,"Processor: MediaTek Helio G81-Ultra processorStorage & RAM: 8GB + 256GBDisplay: 6.88"" Dot Drop DisplayRear Camera: 50MP main cameraFront Camera: 13MP front cameraBattery & Charging: 5160mAh (typ)Supports 18W fast chargingConnectivity: Dual SIM + microSD",SKU: XI363MP5J6Q3DNAFAMZProduct Line: Best service Raya distribution NIG LTD - ACModel: REDMI 14CWeight (kg): 0.2Color: GreenShop Type: Jumia Mall
Moshood Adeola,XIOMI Redmi 14c,Very good,14-01-2025,5 out of 5,XIAOMI Redmi 14C 6.88'' 8GB RAM/256GB ROM Android 12-Sage Green,178715,"Processor: MediaTek Helio G81-Ultra processorStorage & RAM: 8GB + 256GBDisplay: 6.88"" Dot Drop DisplayRear Camera: 50MP main cameraFront Camera: 13MP front cameraBattery & Charging: 5160mAh (typ)Supports 18W fast chargingConnectivity: Dual SIM + microSD",SKU: XI363MP5J6Q3DNAFAMZProduct Line: Best service Raya distribution NIG LTD - ACModel: REDMI 14CWeight (kg): 0.2Color: GreenShop Type: Jumia Mall
EMMANUEL,Redmi 14C 6.88,It's really working perfectly. I love the product,10-01-2025,5 out of 5,XIAOMI Redmi 14C 6.88'' 8GB RAM/256GB ROM Android 12-Sage Green,178715,"Processor: MediaTek Helio G81-Ultra processorStorage & RAM: 8GB + 256GBDisplay: 6.88"" Dot Drop DisplayRear Camera: 50MP main cameraFront Camera: 13MP front cameraBattery & Charging: 5160mAh (typ)Supports 18W fast chargingConnectivity: Dual SIM + microSD",SKU: XI363MP5J6Q3DNAFAMZProduct Line: Best service Raya distribution NIG LTD - ACModel: REDMI 14CWeight (kg): 0.2Color: GreenShop Type: Jumia Mall
Itedjere,Love it,It has saved me from my battery issue on my other phone,10-01-2025,5 out of 5,XIAOMI Redmi 14C 6.88'' 8GB RAM/256GB ROM Android 12-Sage Green,178715,"Processor: MediaTek Helio G81-Ultra processorStorage & RAM: 8GB + 256GBDisplay: 6.88"" Dot Drop DisplayRear Camera: 50MP main cameraFront Camera: 13MP front cameraBattery & Charging: 5160mAh (typ)Supports 18W fast chargingConnectivity: Dual SIM + microSD",SKU: XI363MP5J6Q3DNAFAMZProduct Line: Best service Raya distribution NIG LTD - ACModel: REDMI 14CWeight (kg): 0.2Color: GreenShop Type: Jumia Mall
ILEGAR,Love the phone,"It has a long lasting battery and storage capacity. 
I recommend it to anyone, this is my second buy",09-01-2025,4 out of 5,XIAOMI Redmi 14C 6.88'' 8GB RAM/256GB ROM Android 12-Sage Green,178715,"Processor: MediaTek Helio G81-Ultra processorStorage & RAM: 8GB + 256GBDisplay: 6.88"" Dot Drop DisplayRear Camera: 50MP main cameraFront Camera: 13MP front cameraBattery & Charging: 5160mAh (typ)Supports 18W fast chargingConnectivity: Dual SIM + microSD",SKU: XI363MP5J6Q3DNAFAMZProduct Line: Best service Raya distribution NIG LTD - ACModel: REDMI 14CWeight (kg): 0.2Color: GreenShop Type: Jumia Mall
Ibrahim,Impressed,"Same as displayed 
Very nice Phone",09-01-2025,5 out of 5,XIAOMI Redmi 14C 6.88'' 8GB RAM/256GB ROM Android 12-Sage Green,178715,"Processor: MediaTek Helio G81-Ultra processorStorage & RAM: 8GB + 256GBDisplay: 6.88"" Dot Drop DisplayRear Camera: 50MP main cameraFront Camera: 13MP front cameraBattery & Charging: 5160mAh (typ)Supports 18W fast chargingConnectivity: Dual SIM + microSD",SKU: XI363MP5J6Q3DNAFAMZProduct Line: Best service Raya distribution NIG LTD - ACModel: REDMI 14CWeight (kg): 0.2Color: GreenShop Type: Jumia Mall
Abiodun,good,The phone is a good one,06-01-2025,5 out of 5,XIAOMI Redmi 14C 6.88'' 8GB RAM/256GB ROM Android 12-Sage Green,178715,"Processor: MediaTek Helio G81-Ultra processorStorage & RAM: 8GB + 256GBDisplay: 6.88"" Dot Drop DisplayRear Camera: 50MP main cameraFront Camera: 13MP front cameraBattery & Charging: 5160mAh (typ)Supports 18W fast chargingConnectivity: Dual SIM + microSD",SKU: XI363MP5J6Q3DNAFAMZProduct Line: Best service Raya distribution NIG LTD - ACModel: REDMI 14CWeight (kg): 0.2Color: GreenShop Type: Jumia Mall
Paul,i love it,Good product,03-01-2025,5 out of 5,XIAOMI Redmi 14C 6.88'' 8GB RAM/256GB ROM Android 12-Sage Green,178715,"Processor: MediaTek Helio G81-Ultra processorStorage & RAM: 8GB + 256GBDisplay: 6.88"" Dot Drop DisplayRear Camera: 50MP main cameraFront Camera: 13MP front cameraBattery & Charging: 5160mAh (typ)Supports 18W fast chargingConnectivity: Dual SIM + microSD",SKU: XI363MP5J6Q3DNAFAMZProduct Line: Best service Raya distribution NIG LTD - ACModel: REDMI 14CWeight (kg): 0.2Color: GreenShop Type: Jumia Mall
Saheed,good product,"It's a nice phone,same as advertised",31-12-2024,5 out of 5,XIAOMI Redmi 14C 6.88'' 8GB RAM/256GB ROM Android 12-Sage Green,178715,"Processor: MediaTek Helio G81-Ultra processorStorage & RAM: 8GB + 256GBDisplay: 6.88"" Dot Drop DisplayRear Camera: 50MP main cameraFront Camera: 13MP front cameraBattery & Charging: 5160mAh (typ)Supports 18W fast chargingConnectivity: Dual SIM + microSD",SKU: XI363MP5J6Q3DNAFAMZProduct Line: Best service Raya distribution NIG LTD - ACModel: REDMI 14CWeight (kg): 0.2Color: GreenShop Type: Jumia Mall
Ossy,I like it,"Great product, with good function",30-12-2024,5 out of 5,XIAOMI Redmi 14C 6.88'' 8GB RAM/256GB ROM Android 12-Sage Green,178715,"Processor: MediaTek Helio G81-Ultra processorStorage & RAM: 8GB + 256GBDisplay: 6.88"" Dot Drop DisplayRear Camera: 50MP main cameraFront Camera: 13MP front cameraBattery & Charging: 5160mAh (typ)Supports 18W fast chargingConnectivity: Dual SIM + microSD",SKU: XI363MP5J6Q3DNAFAMZProduct Line: Best service Raya distribution NIG LTD - ACModel: REDMI 14CWeight (kg): 0.2Color: GreenShop Type: Jumia Mall
Precious,its nice.just.as.seen,It's looking good,30-12-2024,5 out of 5,XIAOMI Redmi 14C 6.88'' 8GB RAM/256GB ROM Android 12-Sage Green,178715,"Processor: MediaTek Helio G81-Ultra processorStorage & RAM: 8GB + 256GBDisplay: 6.88"" Dot Drop DisplayRear Camera: 50MP main cameraFront Camera: 13MP front cameraBattery & Charging: 5160mAh (typ)Supports 18W fast chargingConnectivity: Dual SIM + microSD",SKU: XI363MP5J6Q3DNAFAMZProduct Line: Best service Raya distribution NIG LTD - ACModel: REDMI 14CWeight (kg): 0.2Color: GreenShop Type: Jumia Mall
Khalid,Good for Its Price,"The RAM can be extended by an addition of 8GB.
That makes a 16GB RAM.
It's a Good Phone",23-12-2024,4 out of 5,XIAOMI Redmi 14C 6.88'' 8GB RAM/256GB ROM Android 12-Sage Green,178715,"Processor: MediaTek Helio G81-Ultra processorStorage & RAM: 8GB + 256GBDisplay: 6.88"" Dot Drop DisplayRear Camera: 50MP main cameraFront Camera: 13MP front cameraBattery & Charging: 5160mAh (typ)Supports 18W fast chargingConnectivity: Dual SIM + microSD",SKU: XI363MP5J6Q3DNAFAMZProduct Line: Best service Raya distribution NIG LTD - ACModel: REDMI 14CWeight (kg): 0.2Color: GreenShop Type: Jumia Mall
Engr. 'Tunde Oludare,Valuable!,The person I helped purchase it is enjoying it without stress...,23-12-2024,5 out of 5,XIAOMI Redmi 14C 6.88'' 8GB RAM/256GB ROM Android 12-Sage Green,178715,"Processor: MediaTek Helio G81-Ultra processorStorage & RAM: 8GB + 256GBDisplay: 6.88"" Dot Drop DisplayRear Camera: 50MP main cameraFront Camera: 13MP front cameraBattery & Charging: 5160mAh (typ)Supports 18W fast chargingConnectivity: Dual SIM + microSD",SKU: XI363MP5J6Q3DNAFAMZProduct Line: Best service Raya distribution NIG LTD - ACModel: REDMI 14CWeight (kg): 0.2Color: GreenShop Type: Jumia Mall
Bilyaminu,I like it,It's awesome ????,20-12-2024,4 out of 5,XIAOMI Redmi 14C 6.88'' 8GB RAM/256GB ROM Android 12-Sage Green,178715,"Processor: MediaTek Helio G81-Ultra processorStorage & RAM: 8GB + 256GBDisplay: 6.88"" Dot Drop DisplayRear Camera: 50MP main cameraFront Camera: 13MP front cameraBattery & Charging: 5160mAh (typ)Supports 18W fast chargingConnectivity: Dual SIM + microSD",SKU: XI363MP5J6Q3DNAFAMZProduct Line: Best service Raya distribution NIG LTD - ACModel: REDMI 14CWeight (kg): 0.2Color: GreenShop Type: Jumia Mall
Oguntade,Good product,Working perfectly,17-12-2024,4 out of 5,XIAOMI Redmi 14C 6.88'' 8GB RAM/256GB ROM Android 12-Sage Green,178715,"Processor: MediaTek Helio G81-Ultra processorStorage & RAM: 8GB + 256GBDisplay: 6.88"" Dot Drop DisplayRear Camera: 50MP main cameraFront Camera: 13MP front cameraBattery & Charging: 5160mAh (typ)Supports 18W fast chargingConnectivity: Dual SIM + microSD",SKU: XI363MP5J6Q3DNAFAMZProduct Line: Best service Raya distribution NIG LTD - ACModel: REDMI 14CWeight (kg): 0.2Color: GreenShop Type: Jumia Mall
Aliyu,Excellent,Perfect,16-12-2024,5 out of 5,XIAOMI Redmi 14C 6.88'' 8GB RAM/256GB ROM Android 12-Sage Green,178715,"Processor: MediaTek Helio G81-Ultra processorStorage & RAM: 8GB + 256GBDisplay: 6.88"" Dot Drop DisplayRear Camera: 50MP main cameraFront Camera: 13MP front cameraBattery & Charging: 5160mAh (typ)Supports 18W fast chargingConnectivity: Dual SIM + microSD",SKU: XI363MP5J6Q3DNAFAMZProduct Line: Best service Raya distribution NIG LTD - ACModel: REDMI 14CWeight (kg): 0.2Color: GreenShop Type: Jumia Mall
Mannir,Great,The phone was extraordinary past and strong I recommend it to everyone,13-12-2024,4 out of 5,XIAOMI Redmi 14C 6.88'' 8GB RAM/256GB ROM Android 12-Sage Green,178715,"Processor: MediaTek Helio G81-Ultra processorStorage & RAM: 8GB + 256GBDisplay: 6.88"" Dot Drop DisplayRear Camera: 50MP main cameraFront Camera: 13MP front cameraBattery & Charging: 5160mAh (typ)Supports 18W fast chargingConnectivity: Dual SIM + microSD",SKU: XI363MP5J6Q3DNAFAMZProduct Line: Best service Raya distribution NIG LTD - ACModel: REDMI 14CWeight (kg): 0.2Color: GreenShop Type: Jumia Mall
Kelvin,Experience,"Perfect kk all ramifications

There's nothing negative about this",10-12-2024,5 out of 5,XIAOMI Redmi 14C 6.88'' 8GB RAM/256GB ROM Android 12-Sage Green,178715,"Processor: MediaTek Helio G81-Ultra processorStorage & RAM: 8GB + 256GBDisplay: 6.88"" Dot Drop DisplayRear Camera: 50MP main cameraFront Camera: 13MP front cameraBattery & Charging: 5160mAh (typ)Supports 18W fast chargingConnectivity: Dual SIM + microSD",SKU: XI363MP5J6Q3DNAFAMZProduct Line: Best service Raya distribution NIG LTD - ACModel: REDMI 14CWeight (kg): 0.2Color: GreenShop Type: Jumia Mall
Shola,wonderful,Top-notch,04-12-2024,5 out of 5,XIAOMI Redmi 14C 6.88'' 8GB RAM/256GB ROM Android 12-Sage Green,178715,"Processor: MediaTek Helio G81-Ultra processorStorage & RAM: 8GB + 256GBDisplay: 6.88"" Dot Drop DisplayRear Camera: 50MP main cameraFront Camera: 13MP front cameraBattery & Charging: 5160mAh (typ)Supports 18W fast chargingConnectivity: Dual SIM + microSD",SKU: XI363MP5J6Q3DNAFAMZProduct Line: Best service Raya distribution NIG LTD - ACModel: REDMI 14CWeight (kg): 0.2Color: GreenShop Type: Jumia Mall
Anna,Beautiful,Though quite long but it's great exactly what was stated and the battery? Wonderful!,02-12-2024,5 out of 5,XIAOMI Redmi 14C 6.88'' 8GB RAM/256GB ROM Android 12-Sage Green,178715,"Processor: MediaTek Helio G81-Ultra processorStorage & RAM: 8GB + 256GBDisplay: 6.88"" Dot Drop DisplayRear Camera: 50MP main cameraFront Camera: 13MP front cameraBattery & Charging: 5160mAh (typ)Supports 18W fast chargingConnectivity: Dual SIM + microSD",SKU: XI363MP5J6Q3DNAFAMZProduct Line: Best service Raya distribution NIG LTD - ACModel: REDMI 14CWeight (kg): 0.2Color: GreenShop Type: Jumia Mall
Zakaria,I LIKE IT,VERY HIGH,02-12-2024,5 out of 5,XIAOMI Redmi 14C 6.88'' 8GB RAM/256GB ROM Android 12-Sage Green,178715,"Processor: MediaTek Helio G81-Ultra processorStorage & RAM: 8GB + 256GBDisplay: 6.88"" Dot Drop DisplayRear Camera: 50MP main cameraFront Camera: 13MP front cameraBattery & Charging: 5160mAh (typ)Supports 18W fast chargingConnectivity: Dual SIM + microSD",SKU: XI363MP5J6Q3DNAFAMZProduct Line: Best service Raya distribution NIG LTD - ACModel: REDMI 14CWeight (kg): 0.2Color: GreenShop Type: Jumia Mall
Raphael,Good,What I ordered is what I Got,21-11-2024,5 out of 5,XIAOMI Redmi 14C 6.88'' 8GB RAM/256GB ROM Android 12-Sage Green,178715,"Processor: MediaTek Helio G81-Ultra processorStorage & RAM: 8GB + 256GBDisplay: 6.88"" Dot Drop DisplayRear Camera: 50MP main cameraFront Camera: 13MP front cameraBattery & Charging: 5160mAh (typ)Supports 18W fast chargingConnectivity: Dual SIM + microSD",SKU: XI363MP5J6Q3DNAFAMZProduct Line: Best service Raya distribution NIG LTD - ACModel: REDMI 14CWeight (kg): 0.2Color: GreenShop Type: Jumia Mall
Ojoh,unsatisfied,"Why am I finding it difficult to access my android folder plus the battery drains faster than expected considering the battery capacity. Aside these, it's a cool phone.",16-10-2024,4 out of 5,XIAOMI Redmi 14C 6.88'' 8GB RAM/256GB ROM Android 12-Sage Green,178715,"Processor: MediaTek Helio G81-Ultra processorStorage & RAM: 8GB + 256GBDisplay: 6.88"" Dot Drop DisplayRear Camera: 50MP main cameraFront Camera: 13MP front cameraBattery & Charging: 5160mAh (typ)Supports 18W fast chargingConnectivity: Dual SIM + microSD",SKU: XI363MP5J6Q3DNAFAMZProduct Line: Best service Raya distribution NIG LTD - ACModel: REDMI 14CWeight (kg): 0.2Color: GreenShop Type: Jumia Mall
Abdul-Wakeel,My Review,The product is good though but the battery isn't as strong as advertised,03-10-2024,2 out of 5,XIAOMI Redmi 14C 6.88'' 8GB RAM/256GB ROM Android 12-Sage Green,178715,"Processor: MediaTek Helio G81-Ultra processorStorage & RAM: 8GB + 256GBDisplay: 6.88"" Dot Drop DisplayRear Camera: 50MP main cameraFront Camera: 13MP front cameraBattery & Charging: 5160mAh (typ)Supports 18W fast chargingConnectivity: Dual SIM + microSD",SKU: XI363MP5J6Q3DNAFAMZProduct Line: Best service Raya distribution NIG LTD - ACModel: REDMI 14CWeight (kg): 0.2Color: GreenShop Type: Jumia Mall
Dennis,i love it,I love it,02-10-2024,5 out of 5,XIAOMI Redmi 14C 6.88'' 8GB RAM/256GB ROM Android 12-Sage Green,178715,"Processor: MediaTek Helio G81-Ultra processorStorage & RAM: 8GB + 256GBDisplay: 6.88"" Dot Drop DisplayRear Camera: 50MP main cameraFront Camera: 13MP front cameraBattery & Charging: 5160mAh (typ)Supports 18W fast chargingConnectivity: Dual SIM + microSD",SKU: XI363MP5J6Q3DNAFAMZProduct Line: Best service Raya distribution NIG LTD - ACModel: REDMI 14CWeight (kg): 0.2Color: GreenShop Type: Jumia Mall
Wasiu,Excellent battery.,I bought the phone for my wife and she's really enjoying it. Another thing I noticed is that the phone has a fantastic battery and lasts long. Highly recommend.,30-09-2024,5 out of 5,XIAOMI Redmi 14C 6.88'' 8GB RAM/256GB ROM Android 12-Sage Green,178715,"Processor: MediaTek Helio G81-Ultra processorStorage & RAM: 8GB + 256GBDisplay: 6.88"" Dot Drop DisplayRear Camera: 50MP main cameraFront Camera: 13MP front cameraBattery & Charging: 5160mAh (typ)Supports 18W fast chargingConnectivity: Dual SIM + microSD",SKU: XI363MP5J6Q3DNAFAMZProduct Line: Best service Raya distribution NIG LTD - ACModel: REDMI 14CWeight (kg): 0.2Color: GreenShop Type: Jumia Mall
RIDWANULLAHI,Cool and neat,"Beautiful colour and design, came with 33W charger",26-09-2024,5 out of 5,XIAOMI Redmi 14C 6.88'' 8GB RAM/256GB ROM Android 12-Sage Green,178715,"Processor: MediaTek Helio G81-Ultra processorStorage & RAM: 8GB + 256GBDisplay: 6.88"" Dot Drop DisplayRear Camera: 50MP main cameraFront Camera: 13MP front cameraBattery & Charging: 5160mAh (typ)Supports 18W fast chargingConnectivity: Dual SIM + microSD",SKU: XI363MP5J6Q3DNAFAMZProduct Line: Best service Raya distribution NIG LTD - ACModel: REDMI 14CWeight (kg): 0.2Color: GreenShop Type: Jumia Mall
Jacinta Ilona,Product Quality,"Nice, sleek and very Functional.",25-09-2024,5 out of 5,XIAOMI Redmi 14C 6.88'' 8GB RAM/256GB ROM Android 12-Sage Green,178715,"Processor: MediaTek Helio G81-Ultra processorStorage & RAM: 8GB + 256GBDisplay: 6.88"" Dot Drop DisplayRear Camera: 50MP main cameraFront Camera: 13MP front cameraBattery & Charging: 5160mAh (typ)Supports 18W fast chargingConnectivity: Dual SIM + microSD",SKU: XI363MP5J6Q3DNAFAMZProduct Line: Best service Raya distribution NIG LTD - ACModel: REDMI 14CWeight (kg): 0.2Color: GreenShop Type: Jumia Mall
Blessing,I have mixed feelings,The phone pad is hanging. sometime i will have to tap severally before it response.,25-09-2024,3 out of 5,XIAOMI Redmi 14C 6.88'' 8GB RAM/256GB ROM Android 12-Sage Green,178715,"Processor: MediaTek Helio G81-Ultra processorStorage & RAM: 8GB + 256GBDisplay: 6.88"" Dot Drop DisplayRear Camera: 50MP main cameraFront Camera: 13MP front cameraBattery & Charging: 5160mAh (typ)Supports 18W fast chargingConnectivity: Dual SIM + microSD",SKU: XI363MP5J6Q3DNAFAMZProduct Line: Best service Raya distribution NIG LTD - ACModel: REDMI 14CWeight (kg): 0.2Color: GreenShop Type: Jumia Mall
Tiamiyu,Good,Working perfectly,20-09-2024,4 out of 5,XIAOMI Redmi 14C 6.88'' 8GB RAM/256GB ROM Android 12-Sage Green,178715,"Processor: MediaTek Helio G81-Ultra processorStorage & RAM: 8GB + 256GBDisplay: 6.88"" Dot Drop DisplayRear Camera: 50MP main cameraFront Camera: 13MP front cameraBattery & Charging: 5160mAh (typ)Supports 18W fast chargingConnectivity: Dual SIM + microSD",SKU: XI363MP5J6Q3DNAFAMZProduct Line: Best service Raya distribution NIG LTD - ACModel: REDMI 14CWeight (kg): 0.2Color: GreenShop Type: Jumia Mall
Foluke Olatunde,I like it,"Exactly what was advised, very attractive and strong",19-09-2024,5 out of 5,XIAOMI Redmi 14C 6.88'' 8GB RAM/256GB ROM Android 12-Sage Green,178715,"Processor: MediaTek Helio G81-Ultra processorStorage & RAM: 8GB + 256GBDisplay: 6.88"" Dot Drop DisplayRear Camera: 50MP main cameraFront Camera: 13MP front cameraBattery & Charging: 5160mAh (typ)Supports 18W fast chargingConnectivity: Dual SIM + microSD",SKU: XI363MP5J6Q3DNAFAMZProduct Line: Best service Raya distribution NIG LTD - ACModel: REDMI 14CWeight (kg): 0.2Color: GreenShop Type: Jumia Mall
Nimatullah,Good phone,Perfectly working fine,12-09-2024,5 out of 5,XIAOMI Redmi 14C 6.88'' 8GB RAM/256GB ROM Android 12-Sage Green,178715,"Processor: MediaTek Helio G81-Ultra processorStorage & RAM: 8GB + 256GBDisplay: 6.88"" Dot Drop DisplayRear Camera: 50MP main cameraFront Camera: 13MP front cameraBattery & Charging: 5160mAh (typ)Supports 18W fast chargingConnectivity: Dual SIM + microSD",SKU: XI363MP5J6Q3DNAFAMZProduct Line: Best service Raya distribution NIG LTD - ACModel: REDMI 14CWeight (kg): 0.2Color: GreenShop Type: Jumia Mall
